ID,name,steam_name
2,Puzzle Quest 2,Puzzle Quest 2
4,Front Mission Evolved PC,Front Mission Evolved
5,Quake Live,Quake Live
6,Football Superstars,Football Superstars
8,City of Heroes: Going Rogue,City of Heroes: Going Rogue 
9,Darksiders,Darksiders
11,Dead Rising 2,Dead Rising 2
13,Sid Meier's Civilization V,Sid Meier's Civilization V
16,Amnesia: The Dark Descent,Amnesia: The Dark Descent
19,Worms Reloaded,Worms Reloaded
22,Sniper: Ghost Warrior,Sniper: Ghost Warrior
23,Lego Harry Potter: Years 1-4,LEGO Harry Potter: Years 1-4
24,Max and the Magic Marker,Max and the Magic Marker
29,iRacing,iRacing
30,Alien Breed: Impact,Alien Breed: Impact
31,Singularity,Singularity
32,Monkey Island 2: Special Edition,Monkey Island 2: Special Edition
33,ArmA 2: Operation Arrowhead,Arma 2: Operation Arrowhead
34,Age of Conan: Rise of the Godslayer,Age of Conan: Rise of the Godslayer
35,Blur,Blur
36,Ghost Pirates of Vooju Island,Ghost Pirates of Vooju Island
39,The Misadventures of P.B. Winterbottom,The Misadventures of P.B. Winterbottom
40,Prince of Persia: The Forgotten Sands,Prince of Persia Forgotten Sands
44,Serious Sam HD: The Second Encounter,Serious Sam HD: The Second Encounter
45,Alpha Protocol,Alpha Protocol
48,Runes of Magic,Runes of Magic
53,Iron Harvest,Iron Harvest
55,Wasteland 3,Wasteland 3
58,Factorio,Factorio
60,Microsoft Flight Simulator,Microsoft Flight Simulator
64,Spiritfarer,Spiritfarer
65,Mortal Shell,Mortal Shell
70,Risk of Rain 2,Risk of Rain 2
72,Fall Guys: Ultimate Knockout,Fall Guys: Ultimate Knockout
74,Horizon Zero Dawn,Horizon Zero Dawn
75,Paper Beast,Paper Beast
83,Clockwork Empires,Clockwork Empires
84,Titanfall 2,Titanfall 2
86,Sunless Sea: Zubmariner,Sunless Sea - Zubmariner
87,Battlefield 1,Battlefield 1 
89,Shadow Warrior 2,Shadow Warrior 2
91,Thumper,Thumper
93,The Silver Case,The Silver Case
95,Slayer Shock,Slayer Shock
98,Fractured Space,Fractured Space
101,Event[0],Event[0]
103,Virginia,Virginia
106,Mother Russia Bleeds,Mother Russia Bleeds
108,F1 2016,F1 2016
112,Obduction,Obduction
113,Fallout 4: Nuka-World,Fallout 4 - Nuka-World
114,Master of Orion,Master of Orion
115,N++,N++
119,Grow Up,Grow Up
120,Deus Ex: Mankind Divided,Deus Ex: Mankind Divided
121,No Man's Sky,No Man's Sky
124,This Is The Police,This Is the Police
125,Total War: Warhammer - Call of the Beastmen,Total War: WARHAMMER - Call of the Beastmen
128,Overcooked,Overcooked
129,Starbound,Starbound
130,Earth Defense Force 4.1: The Shadow of New Despair,EARTH DEFENSE FORCE 4.1  The Shadow of New Despair
131,Quadrilateral Cowboy,Quadrilateral Cowboy
132,Headlander,Headlander
133,Lovely Planet Arcade,Lovely Planet Arcade
134,I am Setsuna,I am Setsuna
135,The Technomancer,The Technomancer
136,Necropolis,Necropolis
137,Inside,Inside Me
138,Furi,Furi
139,Lego Star Wars: The Force Awakens,LEGO STAR WARS: The Force Awakens
143,Mighty No. 9,Mighty No. 9
144,Trials of the Blood Dragon,Trials of the Blood Dragon
146,Captain Forever Remix,Captain Forever Remix
147,Sherlock Holmes: The Devil's Daughter,Sherlock Holmes: The Devil's Daughter
150,Mirror's Edge Catalyst,Mirror's Edge Catalyst
151,Dangerous Golf,Dangerous Golf
155,Shadwen,Shadwen
157,Lumo,Lumo
158,Duskers,Duskers
159,Fallout 4: Far Harbor,Fallout 4 - Far Harbor
160,Total War: Warhammer,Total War: WARHAMMER
161,Final Fantasy X/X-2 HD Remaster,FINAL FANTASY X/X-2 HD Remaster
162,Doom,DOOM
163,Homefront: The Revolution,Homefront: The Revolution
167,Battleborn,Battleborn
168,Stellaris,Stellaris
171,Offworld Trading Company,Offworld Trading Company
174,Hitman: Episode 2,HITMAN 2
177,Battlefleet Gothic: Armada,Battlefleet Gothic: Armada
179,The Banner Saga 2,The Banner Saga 2
180,Eve: Valkyrie,EVE: Valkyrie
182,Everybody's Gone to the Rapture,Everybody's Gone to the Rapture
183,Baldur's Gate: Siege of Dragonspear,Baldur's Gate: Siege of Dragonspear
185,Job Simulator,Job Simulator
187,Hover Junkers,Hover Junkers
188,Enter The Gungeon,Enter the Gungeon
189,Quantum Break,Quantum Break
194,Hyper Light Drifter,Hyper Light Drifter
196,Adr1ft,ADR1FT
198,Day of the Tentacle Remastered,Day of the Tentacle Remastered
199,Samorost 3,Samorost 3
201,Out of the Park Baseball 17,Out of the Park Baseball 17
202,Need For Speed,Need for Speed
203,Hitman GO: Definitive Edition,Hitman GO: Definitive Edition
204,Tom Clancy's The Division,Tom Clancy's The Division
206,Grim Dawn,Grim Dawn
208,Shardlight,Shardlight
209,Soul Axiom,Soul Axiom
210,Disgaea,Disgaea PC
213,Far Cry Primal,Far Cry Primal
214,Stardew Valley,Stardew Valley
215,Superhot,SUPERHOT
216,Town of Light,The Town of Light
217,The Flame in the Flood,The Flame in the Flood
219,Street Fighter V,Street Fighter V
221,Prospekt,Prospekt
222,Danganronpa: Trigger Happy Havoc,Danganronpa: Trigger Happy Havoc
223,Cities: Skylines - Snowfall,Cities: Skylines - Snowfall
226,Layers of Fear,Layers of Fear
227,Unravel,Unravel
229,Overload,Overload
230,Dead Cells,Dead Cells
232,Chasm,The Chasm
233,This is the Police 2,This Is the Police 2
235,Yakuza 0,Yakuza 0
236,The Banner Saga 3,The Banner Saga 3
237,Earthfall,Earthfall
239,"Warhammer 40,000 Gladius - Relics of War","Warhammer 40,000: Gladius - Relics of War"
245,The Sims 4: Seasons,The Sims 4 Seasons
247,Crash Bandicoot N. Sane Trilogy,Crash Bandicoot N. Sane Trilogy
249,Lumines Remastered,LUMINES REMASTERED
250,The Crew 2,The Crew 2
252,Wreckfest,Wreckfest
255,Jurassic World Evolution ,Jurassic World Evolution
258,Terraria,Terraria
259,Moonlighter,Moonlighter
260,Vampyr,Vampyr
261,Bloodstained: Curse of the Moon,Bloodstained: Curse of the Moon
262,Cultist Simulator,Cultist Simulator
263,EVE Online,EVE Online
265,League of Legends,League of Legends
269,Path of Exile,Path of Exile
270,Dota 2,Dota 2
271,Warframe,Warframe
275,State of Decay 2,State of Decay 2
276,Conan Exiles,Conan Exiles
277,Forgotton Anne,Forgotton Anne
278,Super Mega Baseball 2,Super Mega Baseball 2
279,Murderous Pursuits,Murderous Pursuits
282,Dead in Vinland,Dead In Vinland
284,Total War Saga: Thrones of Britannia,Total War Saga: Thrones of Britannia
286,For the King,For The King
291,BattleTech,BATTLETECH
293,Frostpunk,Frostpunk
299,Extinction,Extinction
300,Minit,Minit
301,Far Cry 5,Far Cry 5
302,Sea of Thieves,Sea of Thieves
303,A Way Out,A way up!
305,Northgard,Northgard
307,Surviving Mars ,Surviving Mars
310,Warhammer: Vermintide 2,Warhammer: Vermintide 2
311,Full Metal Furies,Full Metal Furies
313,Chuchel,CHUCHEL
314,Where The Water Tastes Like Wine,Where the Water Tastes Like Wine
315,The Station,The Station
316,A Case of Distrust,A Case of Distrust
317,Into the Breach,BREACH IT
318,Metal Gear Survive,METAL GEAR SURVIVE
319,All Walls Must Fall ,All Walls Must Fall
320,Age of Empires: Definitive Edition,Age of Empires: Definitive Edition
321,Secret of Mana,Secret of Mana
322,Rust,Rust
324,Final Fantasy XII: The Zodiac Age,FINAL FANTASY XII THE ZODIAC AGE
325,Aegis Defenders,Aegis Defenders
326,Kingdom Come: Deliverance,Kingdom Come: Deliverance
327,Crossing Souls,Crossing Souls
331,Lost Sphear,LOST SPHEAR
332,Dragon Ball FighterZ,DRAGON BALL FighterZ
333,Subnautica,Subnautica
334,Life Is Strange: Before The Storm,Life is Strange: Before the Storm
335,Tartarus,TARTARUS
336,Celeste,Celeste
337,PlayerUnknown's Battlegrounds,PLAYERUNKNOWN'S BATTLEGROUNDS
340,Iconoclasts,Iconoclasts
341,The Red Strings Club,The Red Strings Club
343,Yorkshire Gubbins,Yorkshire Gubbins
344,SpellForce 3,SpellForce 3
345,Hello Neighbor,Hello Neighbor
346,Opus Magnum,Magnum Opus
347,Gang Beasts,Gang Beasts
348,Bridge Constructor Portal,Bridge Constructor Portal
349,Gorogoa,Gorogoa
350,Shadowhand,Shadowhand
351,Okami HD,Okami HD
352,Reigns: Her Majesty,Reigns: Her Majesty
353,Battlerite,Battlerite
355,World of Final Fantasy,WORLD OF FINAL FANTASY
356,Oh My Godheads,Oh My Godheads
357,Injustice 2,Injustice 2
358,Outcast: Second Contact,Outcast - Second Contact
361,Need For Speed Payback,Need for Speed Payback
362,Sonic Forces,Sonic Forces
364,Football Manager 2018,Football Manager 2018
365,Elex,ELEX
366,Hand of Fate 2,Hand of Fate 2
367,Call of Duty: WWII,Call of Duty: WWII
368,AER: Memories of Old,AER Memories of Old
370,Dujanah,Dujanah
371,Assassin's Creed Origins,Assassin's Creed Origins
372,Inmates,Inmates
373,Wunderdoktor,Wunderdoktor
375,Destiny 2,Destiny 2
376,Oriental Empires,Oriental Empires
378,Battle Chasers: Nightwar,Battle Chasers: Nightwar
380,Screencheat,Screencheat
381,Styx: Master of Shadows,Styx: Master of Shadows
382,F1 2014,F1 2014
384,Borderlands: The Pre-Sequel,Borderlands: The Pre-Sequel
385,Costume Quest 2,Costume Quest 2
386,Starpoint Gemini 2,Starpoint Gemini 2
387,Ryse: Son of Rome,Ryse: Son of Rome
388, Planetary Annihilation,Planetary Annihilation
389,Alien: Isolation,Alien: Isolation
391,Middle-earth: Shadow of Mordor,Middle-earth: Shadow of Mordor
392,The Vanishing of Ethan Carter,The Vanishing of Ethan Carter
394,Defense Grid 2,Defense Grid 2
396,Stronghold Crusader 2,Stronghold Crusader 2
397,Fable Anniversary,Fable Anniversary
398,Hack 'n' Slash,Hack 'n' Slash
399,Wasteland 2,Wasteland 2
400,The Sims 4,The Sims 4
402,Hatoful Boyfriend,Hatoful Boyfriend
403,Dead Rising 3,Dead Rising 3
406,Chess 2: The Sequel,Chess 2: The Sequel
407,Warface,Warface
408,Lichdom: Battlemage,Lichdom: Battlemage
409,Shadowgate,Shadowgate
411,Five Nights at Freddy's,Five Nights at Freddy's
413,Metro: Last Light Redux,Metro: Last Light Redux
414,Metro 2033 Redux,Metro 2033 Redux
418,Ultra Street Fighter IV,Ultra Street Fighter IV
419,Risen 3: Titan Lords,Risen 3 - Titan Lords
421,War Thunder,War Thunder
423,Velvet Sundown,Velvet Sundown
424,Planescape: Torment,Planescape Torment
425,Unrest,Unrest
426,Halfway,Halfway
428,Lovely Planet,Lovely Planet
429,Gods Will Be Watching,Gods Will Be Watching
430,Aperture Tag: The Paint Gun Testing Initiative,Aperture Tag: The Paint Gun Testing Initiative
431,OlliOlli,OlliOlli
433,Light,Light
435,Abyss Odyssey,Abyss Odyssey
437,Wayward Manor,Wayward Manor
438,MouseCraft,MouseCraft
441,Shattered Planet,Shattered Planet
443,Half-Life 2,Half-Life 2
445,Sniper Elite 3,Sniper Elite 3
448,Space Run,Space Run
449,Company of Heroes 2: The Western Front Armies,Company of Heroes 2 - The Western Front Armies
453,Battleblock Theater,BattleBlock Theater
455,Xenonauts,Xenonauts
456,Spintires,Spintires
459,Lifeless Planet,Lifeless Planet
461,Wildstar,WildStar
464,Men of War: Assault Squad 2,Men of War: Assault Squad 2
465,A Story About My Uncle,A Story About My Uncle
466,Kero Blaster,Kero Blaster
467,Murdered: Soul Suspect,MURDERED: SOUL SUSPECT
468,Always Sometimes Monsters,Sometimes Always Monsters
469,Max Payne,Max Payne
470,Among the Sleep,Among the Sleep
471,Killer Is Dead,Killer is Dead
477,Wolfenstein: The New Order,Wolfenstein: The New Order
478,Tropico 5,Tropico 5
479,Blade Symphony,Blade Symphony
480,Transistor,Transistor
483,"Sir, You Are Being Hunted","Sir, You Are Being Hunted"
484,Tesla Effect,Tesla Effect
487,Bound by Flame,Bound By Flame
488,Age of Mythology: Extended Edition,Age of Mythology: Extended Edition
489,The Amazing Spider-Man 2,The Amazing Spider-Man 2
490,Blackwell Epiphany,Blackwell Epiphany
492,Child of Light,Child of Light
493,Daylight,Daylight
495,Life Goes On,Life Goes On
496,Deus Ex: The Fall,Deus Ex: The Fall
498,War of the Vikings,War of the Vikings
502,Trials Fusion,Trials Fusion
503,The Elder Scrolls Online,The Elder Scrolls Online
506,Smite,SMITE
507,Cloudbuilt,Cloudbuilt
510,Ether One,Ether One
513,Goat Simulator,Goat Simulator
514,Betrayer,Betrayer
515,TowerFall Ascension,TowerFall Ascension
516,Luftrausers,LUFTRAUSERS
518,Titanfall,Titanfall
519,Dragons and Titans,Dragons and Titans
520,Ikaruga,Ikaruga
521,The Yawhg,The Yawhg
522,Year Walk,Year Walk
524,South Park: The Stick of Truth,South Park: The Stick of Truth
525,Strider,Strider
527,Blackguards,Blackguards
529,Castlevania: Lords of Shadow 2,Castlevania: Lords of Shadow 2
530,Lethis: Path of Progress,Lethis - Path of Progress
531,Feist,Feist
532,F1 2015,F1 2015
533,Replay: VHS Is Not Dead,Replay - VHS is not dead
535,Legends of Eisenwald,Legends of Eisenwald
537,Rocket League,Rocket League
538,Traverser,Traverser
539,The Magic Circle,The Magic Circle
540,Lemma,Lemma
541,Lego Minifigures Online,LEGO Minifigures Online
543,Infinifactory,Infinifactory
544,Final Fantasy XIV: Heavensward,FINAL FANTASY XIV: Heavensward
545,Ronin,RONIN
546,You Must Build A Boat,You Must Build A Boat
547,Her Story,Story
551,D4: Dark Dreams Don't Die,D4: Dark Dreams Don't Die
552,Hatred,The Hatred
554,Color Guardians,Color Guardians
555,Massive Chalice,MASSIVE CHALICE
557,Sunset,Sunset
558,Toren,Toren
559,Neon Struct,NEON STRUCT
560,Magicka 2,Magicka 2
563,Technobabylon,Technobabylon
564,The Witcher 3: Wild Hunt,The Witcher 3: Wild Hunt
565,Windward,Windward
566,Kalimba,Kalimba
567,Block N Load,Block N Load
568,Invisible Inc.,"Invisible, Inc."
569,Axiom Verge,Axiom Verge
570,Crypt of the Necrodancer,Crypt of the NecroDancer
573, Magicka: Wizard Wars,Magicka: Wizard Wars
574,Wolfenstein: The Old Blood,Wolfenstein: The Old Blood 
576,Project Cars,Project CARS
577,WWE 2K15,WWE 2K15
578,Kerbal Space Program,Kerbal Space Program
579,Infinite Crisis,Infinite Crisis
581,StarDrive 2,StarDrive 2
582,Broken Age,Broken Age
584,Gratuitous Space Battles 2,Gratuitous Space Battles 2
585,Hero Generations,Hero Generations
586,Mortal Kombat X,Mortal Kombat X
588,Dungeons 2,Dungeons 2
590,I Am Bread,I am Bread
591,Westerado: Double Barreled,Westerado: Double Barreled
592,Titan Souls,Titan Souls
595,The Sims 4: Get to Work,The Sims 4 Get To Work
596,Etherium,Etherium
597,Out of the Park Baseball 16,Out of the Park Baseball 16
599,Hektor,Hektor
601,Pillars of Eternity,Pillars of Eternity
603,Five Nights at Freddy's 3,Five Nights at Freddy's 3
604,Battlefield Hardline,Battlefield Hardline
605,Far Cry 4: Valley of the Yetis,Far Cry 4 - Valley of the Yetis 
606,White Night,White Night
609,Sid Meier's Starships,Sid Meier's Starships
610,Ori and the Blind Forest,Ori and the Blind Forest
611,Assassin's Creed: Rogue,Assassin's Creed Rogue
612,Hotline Miami 2: Wrong Number,Hotline Miami 2: Wrong Number
613,Cities: Skylines,Cities: Skylines
614,LA Cops,LA Cops
615,Pneuma: Breath of Life,Pneuma: Breath of Life
617,Aaru's Awakening,Aaru's Awakening
618,Frozen Cortex,Frozen Cortex
619,Hand of Fate,Hand of Fate
622,Total War: Attila,Total War: ATTILA
623,Sunless Sea,Sunless Sea
625,Grow Home,Grow Home
627,Heroes of Might & Magic III HD,Heroes of Might & Magic III - HD Edition
628,Gravity Ghost,Gravity Ghost
629,Dying Light,Dying Light
630,Grim Fandango Remastered,Grim Fandango Remastered
631,The Marvellous Miss Take,The Marvellous Miss Take
632,Grey Goo,Grey Goo
633,Final Fantasy XIII-2,FINAL FANTASY XIII-2
636,Saints Row: Gat Out of Hell,Saints Row: Gat out of Hell
639,NS2: Combat,NS2: Combat
641,Elite: Dangerous,Elite Dangerous
644,Metal Gear Solid V: Ground Zeroes,METAL GEAR SOLID V: GROUND ZEROES
645,Dead State,Dead State
647,Door Kickers,Door Kickers
649,Lara Croft and the Temple of Osiris,Lara Croft and the Temple of Osiris
650,The Talos Principle,The Talos Principle
651,The Crew,The Crew
653,Five Nights at Freddy's 2,Five Nights at Freddy's 2
654,Defenders of Time,Defenders of Time
656,Far Cry 4,Far Cry 4
659,This War of Mine,This War of Mine
660,A Bird Story,A Bird Story
662,Company of Heroes 2: Ardennes Assault,Company of Heroes 2 - Ardennes Assault
663,Assassin's Creed Unity,Assassin's Creed Unity
664,Icewind Dale Enhanced Edition,Icewind Dale: Enhanced Edition
665,Randal's Monday,Randal's Monday
667,Valkyria Chronicles,Valkyria Chronicles
668,Dragon Age: Inquisition,Dragon Age Inquisition
669,Call of Duty: Advanced Warfare,Call of Duty: Advanced Warfare
670,Farming Simulator 15,Farming Simulator 15
671,Football Manager 2015,Football Manager 2015
672,Sherlock Holmes: Crimes and Punishments,Sherlock Holmes: Crimes and Punishments
674,Legend of Grimrock 2,Legend of Grimrock 2
675,Final Fantasy XIII,FINAL FANTASY XIII
677,NBA 2K15,NBA 2K15
678,Lords of the Fallen,Lords Of The Fallen
682,Empire of Sin,Empire of Sin
683,Wingspan,Wingspan
684,Destiny 2: Beyond Light,Destiny 2: Beyond Light
686,Football Manager 2021,Football Manager 2021
687,Ghostrunner,Ghostrunner
699,Fuser,FUSER
704,The Falconeer,The Falconeer
708,Yakuza: Like a Dragon,Yakuza: Like a Dragon
711,Dirt 5,DIRT 5
720,Squad,Squad
725,Disc Room,Disc Room
727,"Cook, Serve, Delicious 3?!","Cook, Serve, Delicious! 3?!"
728,Amnesia: Rebirth,Amnesia: Rebirth
739,Noita,Noita
740,Partisans 1941,Partisans 1941
745,Star Wars: Squadrons,STAR WARS: Squadrons
752,Spelunky 2,Spelunky 2
755,Mafia: Definitive Edition,Mafia: Definitive Edition
756,Serious Sam 4,Serious Sam 4
759,Pendragon,Pendragon
762,BPM: Bullets Per Minute,BPM: BULLETS PER MINUTE
763,Hades,Hades
764,Star Renegades,Star Renegades
767,Madden NFL 21,Madden NFL 21
770,Marvel's Avengers,Marvel's Avengers
772,Paradise Killer,Paradise Killer
774,Tell Me Why,Tell Me Why
776,Rocket Arena,Rocket Arena
777,Othercide,Othercide
778,Carrion,CARRION
780,Fae Tactics,Fae Tactics
781,Necrobarista,Necrobarista
788,Halo 3,Halo 3
791,Death Stranding,DEATH STRANDING
792,F1 2020,F1 2020
794,Story of Seasons: Friends of Mineral Town,STORY OF SEASONS: Friends of Mineral Town
797,Superhot: Mind Control Delete,SUPERHOT: MIND CONTROL DELETE
800,Shadow Empire,Shadow Empire
806,A Mortician's Tale,A Mortician's Tale
807,Rogue Trooper Redux,Rogue Trooper Redux
808,South Park: The Fractured But Whole,South Park The Fractured But Whole
809,Overgrowth,Overgrowth
810,The Evil Within 2,The Evil Within 2
811,A Hat in Time,A Hat in Time
812,Deadbeat Heroes,Deadbeat Heroes
816,Middle-earth: Shadow of War,Middle-earth: Shadow of War
818,Tooth and Tail,Tooth and Tail
819,Cuphead,Cuphead
820,Hob,Hob
821,Ruiner,RUINER
826,Heat Signature,Heat Signature
827,Divinity: Original Sin 2,Divinity: Original Sin 2
828,Last Day of June,Last Day of June
829,Pro Evolution Soccer 2018,PRO EVOLUTION SOCCER 2018
831,Dishonored: Death of the Outsider,Dishonored: Death of the Outsider 
832,Project Cars 2,Project CARS 2
833,Ark: Survival Evolved,ARK: Survival Evolved
834,Sonic Mania,Sonic Mania
835,Absolver,Absolver
837,XCOM 2: War of the Chosen,XCOM 2: War of the Chosen
838,Observer,Observer
839,F1 2017,F1 2017
840,Nidhogg 2,Nidhogg 2
842,Rez Infinite,Rez Infinite
843,Agents of Mayhem,Agents of Mayhem
844,LawBreakers,LawBreakers
845,West of Loathing,West of Loathing
847,Hellblade: Senua's Sacrifice,Hellblade: Senua's Sacrifice
848,Slime Rancher,Slime Rancher
850,The Long Dark,The Long Dark
851,Tacoma,Tacoma
852,Behold The Kickmen,Behold the Kickmen
853,Dream Daddy: A Dad Dating Simulator,Dream Daddy: A Dad Dating Simulator
854,Pyre,Pyre
855,Antihero,Antihero
857,Hollow Knight,Hollow Knight
858,The Secret World: Legends,Secret World Legends
862,Nex Machina,Nex Machina
863,Caveblazers,Caveblazers
865,Get Even,GET EVEN
867,Rising Storm 2: Vietnam,Rising Storm 2: Vietnam
869,The Elder Scrolls Online: Morrowind,The Elder Scrolls Online - Morrowind
870,Dirt 4,DiRT 4
871,Tekken 7,TEKKEN 7
872,Ultimate Epic Battle Simulator,Ultimate Epic Battle Simulator
873,Friday the 13th,Friday the 13th: The Game
874,Tokyo 42,Tokyo 42
875,The Long Journey Home,The Long Journey Home
876,Mirage: Arcane Warfare,Mirage: Arcane Warfare
877,Steel Division: Normandy 44,Steel Division: Normandy 44
878,Perception,Perception
880,Vanquish,Vanquish
881,Rime,RiME
882,The Fidelio Incident ,The Fidelio Incident
886,The Surge,Surge
887,Flinthook,Flinthook
888,Beat Cop,Beat Cop
889,Prey,Prey
891,Man O' War: Corsair,Man O' War: Corsair
892,What Remains of Edith Finch,What Remains of Edith Finch
894,Everything,Everything
895,Scanner Sombre,Scanner Sombre
896,Syberia 3,Syberia 3
897,Outlast 2,Outlast 2
898,Little Nightmares,Little Nightmares
899,Full Throttle Remastered,Full Throttle Remastered
900,Mr Shifty,Mr Shifty
901,Zero Escape: The Nonary Games,Zero Escape: The Nonary Games
903,The Sexy Brutale,The Sexy Brutale
905,Bayonetta,Bayonetta
907,Stellaris: Utopia,Stellaris: Utopia
908,Battle Brothers,Battle Brothers
909,Yooka-Laylee,Yooka-Laylee
911,Thimbleweed Park,Thimbleweed Park
914,Rain World,Rain World
915,Nier: Automata,NieR:Automata
916,Desync,DESYNC
919,Mass Effect: Andromeda,Mass Effect: Andromeda
920,The Elder Scrolls: Legends,The Elder Scrolls: Legends
921,Styx: Shards of Darkness,Styx: Shards of Darkness
924,Stories Untold,Stories Untold
925,Night in the Woods,Night in the Woods
926,Torment: Tides of Numenera,Torment: Tides of Numenera
929,For Honor,No Honor
930,Sniper Elite 4,Sniper Elite 4
931,Take On Mars,Take On Mars
932,WWE 2K17,WWE 2K17
933,Diluvion,Diluvion
936,GoNNER,GoNNER
938,Resident Evil 7: Biohazard,Resident Evil 7 Biohazard
939,Shadow Tactics: Blades of the Shogun,Shadow Tactics: Blades of the Shogun
940,Ladykiller in a Bind,Ladykiller in a Bind
942,The Dwarves,We Are The Dwarves
943,Space Hulk: Deathwing,Space Hulk: Deathwing
944,Orwell,Orwell
945,Total War: Warhammer Realm of the Wood Elves,Total War: WARHAMMER - Realm of The Wood Elves
946,Dead Rising 4,Dead Rising 4
947,Steep,Steep
950,Killing Floor 2,Killing Floor 2
951,Planet Coaster,Planet Coaster
953,Dishonored 2,Dishonored 2
954,Owlboy,Owlboy
955,Tyranny,Tyranny
956,Call of Duty: Infinite Warfare,Call of Duty: Infinite Warfare
957,The Outer Worlds,The Outer Worlds
958,"Six Ages: Ride Like the Wind
",Six Ages: Ride Like the Wind
959,GRID,GRID
961,Disco Elysium,Disco Elysium
962,Destiny 2: Shadowkeep,Destiny 2: Shadowkeep
963,Indivisible,Indivisible
964,John Wick Hex,John Wick Hex
967,Neo Cab,Neo Cab
968,What the Golf?,My Golf
973,Crying Suns,Crying Suns
974,Overland,Overland
976,The Surge 2,The Surge 2
977,Ni No Kuni: Wrath of the White Witch Remastered,Ni no Kuni Wrath of the White Witch Remastered
978,Untitled Goose Game,Untitled Goose Game
980,Blasphemous,Blasphemous
984,Children of Morta,Children of Morta
985,GreedFall,GreedFall
986,Gears 5,Gears 5
987,Borderlands 3,Borderlands 3
988,Blair Witch,Blair Witch
990,Hunt: Showdown,Hunt: Showdown
991,Headspun,Headspun
994,Knights and Bikes,Knights and Bikes
996,Ancestors: The Humankind Odyssey,Ancestors: The Humankind Odyssey 
997,Control,Control
998,Rad,RAD
999,Telling Lies,Telling Lies
1000,Dicey Dungeons,Dicey Dungeons
1001,Rebel Galaxy Outlaw,Rebel Galaxy Outlaw
1002,Remnant: From the Ashes,Remnant: From the Ashes
1005,Ion Fury,Ion Fury
1007,Age of Wonders: Planetfall,Age of Wonders: Planetfall
1008,Streets of Rogue,Streets of Rogue
1011,Eagle Island,Eagle Island
1012,Wolfenstein: Youngblood,Wolfenstein: Youngblood
1018,Night Call,Night Call
1019,Sea of Solitude,Sea of Solitude
1024,Heavy Rain,Heavy Rain
1026,Steel Division 2,Steel Division 2
1027,Amid Evil,AMID EVIL
1029,Bloodstained: Ritual of the Night,Bloodstained: Ritual of the Night
1031,My Friend Pedro,My Friend Pedro
1032,F1 2019,F1 2019
1040,Octopath Traveler,OCTOPATH TRAVELER
1042,Warhammer: Chaosbane,Warhammer: Chaosbane
1044,Outer Wilds,Outer Wilds
1046,Void Bastards,Void Bastards
1047,Pathologic 2,Pathologic 2
1048,A Plague Tale: Innocence,A Plague Tale: Innocence
1049,Layers of Fear 2,Layers of Fear 2
1050,Observation,Observation
1052,Mordhau,MORDHAU
1053,Total War: Three Kingdoms,Total War: THREE KINGDOMS
1054,Rage 2,RAGE 2
1057,Rise of Industry,Rise of Industry
1059,Yakuza Kiwami 2,Yakuza Kiwami 2
1061,Katana Zero,Katana ZERO
1062,Operencia: The Stolen Sun,Operencia: The Stolen Sun
1063,Whispers of a Machine,Whispers of a Machine
1064,Mortal Kombat 11,Mortal Kombat 11
1066,Imperator: Rome,Imperator: Rome
1068,Weedcraft Inc,Weedcraft Inc
1071,Heaven's Vault,Heaven's Vault
1072,Pathway,Pathway
1073,Anno 1800,Anno 1800
1075,Phoenix Wright: Ace Attorney Trilogy,Phoenix Wright: Ace Attorney Trilogy
1076,Outward,Outward
1083,Tropico 6,Tropico 6
1085,Generation Zero,Generation Zero
1087,The Walking Dead: The Final Season,The Walking Dead: The Final Season
1088,Sekiro: Shadows Die Twice,Sekiro: Shadows Die Twice
1092,Baba is You,Baba Is You
1098,Hypnospace Outlaw,Hypnospace Outlaw
1102,Ape Out,APE OUT
1104,Devil May Cry 5,Devil May Cry 5
1109,The Occupation,The Occupation
1119,Jump Force,JUMP FORCE
1120,Dirt Rally 2.0,DiRT Rally 2.0
1122,Eastshade,Eastshade
1123,Far Cry New Dawn,Far Cry New Dawn
1124,Metro Exodus,Metro Exodus
1126,Apex Legends,Apex Legends
1127,Yakuza Kiwami,Yakuza Kiwami
1135,Battlefleet Gothic: Armada 2,Battlefleet Gothic: Armada 2
1138,My Time At Portia,My Time At Portia
1140,Sunless Skies,Sunless Skies
1141,Wargroove,Wargroove
1142,Slay the Spire,Slay the Spire
1145,Resident Evil 2,Resident Evil 2
1146,Pikuniku,Pikuniku
1147,Ace Combat 7: Skies Unknown,ACE COMBAT 7: SKIES UNKNOWN
1148,Onimusha: Warlords,Onimusha: Warlords
1149,Catherine Classic,Catherine Classic
1151,Kenshi,Kenshi
1152,RimWorld,RimWorld
1154,DayZ,DayZ
1155,Gris,GRIS
1158,Insurgency: Sandstorm,Insurgency: Sandstorm
1159,Ashen,Ashen
1161,Parkitect,Parkitect
1163,Dusk,DUSK
1168,Artifact,The Artifact
1169,Katamari Damacy Reroll,Katamari Damacy REROLL
1170,Mutant Year Zero: Road to Eden,Mutant Year Zero: Road to Eden
1172,Killer7,killer7
1173,Just Cause 4,Just Cause 4
1174,"Warhammer 40,000: Mechanicus","Warhammer 40,000: Mechanicus"
1176,Fallout 76,Fallout 76
1177,Underworld Ascendant,Underworld Ascendant
1179,Overkill's The Walking Dead,OVERKILL's The Walking Dead
1183,Hitman 2,HITMAN 2
1185,Call of Cthulhu,Call of Cthulhu
1187,Football Manager 2019,Football Manager 2019
1189,Bad North,Bad North
1193,Wandersong,Wandersong
1194,Dreadnought,Dreadnought
1196,Exapunks,EXAPUNKS
1199,Return of the Obra Dinn,Return of the Obra Dinn
1200,Thronebreaker: The Witcher Tales,Thronebreaker: The Witcher Tales
1209,Timespinner,Timespinner
1212,Assassin's Creed Odyssey,Assassin's Creed Odyssey
1217,Pathfinder: Kingmaker,Pathfinder: Kingmaker
1219,Star Control: Origins,Star Control: Origins
1227,Destiny 2: Forsaken,Destiny 2: Forsaken
1230,Frozen Synapse 2,Frozen Synapse 2
1232,Megaquarium,Megaquarium
1234,Shadow of the Tomb Raider,Shadow of the Tomb Raider
1237,Pro Evolution Soccer 2019,PRO EVOLUTION SOCCER 2019
1238,Strange Brigade,Strange Brigade
1240,Planet Alpha,PLANET ALPHA
1243,Two Point Hospital,Two Point Hospital
1244,Not Tonight,Not Tonight
1245,Donut County,Donut County
1249,Death's Gambit,Death's Gambit
1252,Shenmue I & II,Shenmue I & II
1253,F1 2018,F1 2018
1254,Phantom Doctrine,Phantom Doctrine
1255,We Happy Few,We Happy Few
1256,Unavowed,Unavowed
1257,Monster Hunter: World,Monster Hunter: World
1258,Overcooked 2,Overcooked! 2
1259,Fallen Enchantress,Fallen Enchantress
1260,Wurm Online,Wurm Online
1261,Strike Suit Zero,Strike Suit Zero
1263,Antichamber,Antichamber
1264,Omerta: City of Gangsters,Omerta - City of Gangsters
1265,The Cave,The Cave
1266,DmC: Devil May Cry,DmC Devil May Cry
1268,Baldur's Gate: Enhanced Edition,Baldur's Gate: Enhanced Edition
1271,Lego Lord of the Rings,LEGO The Lord of the Rings
1273,A Game of Dwarves,A Game of Dwarves
1275,Stealth Bastard Deluxe,Stealth Bastard Deluxe
1276,Family Guy: Back to the Multiverse,Family Guy: Back to the Multiverse
1278,NBA 2K13,NBA 2K13
1279,Viking: Battle for Asgard,Viking: Battle for Asgard
1281,Cargo Commander,Cargo Commander
1282,Super Hexagon,Super Hexagon
1283,Euro Truck Simulator 2,Euro Truck Simulator 2
1284,Natural Selection 2,Natural Selection 2
1286,Rift: Storm Legion,RIFT: Storm Legion Pack
1287,PlanetSide 2,PlanetSide 2
1288,Far Cry 3,Far Cry 3
1289,Hitman: Absolution,Hitman: Absolution
1290,Carrier Command: Gaea Mission,Carrier Command: Gaea Mission
1292,Cortex Command,Cortex Command
1294,Lucius,Lucius
1295,Mark of the Ninja,Mark of the Ninja
1296,Need For Speed: Most Wanted,Need for Speed Most Wanted
1298,Hotline Miami,Hotline Miami
1299,Pid,Pid 
1300,Football Manager 2013,Football Manager 2013
1302,Pro Evolution Soccer 2013,Pro Evolution Soccer 2013
1303,I Am Alive,I Am Alive
1304,Strategic War in Europe,Strategic War in Europe
1305,FTL: Faster Than Light,FTL: Faster Than Light
1306,XCOM: Enemy Unknown,XCOM: Enemy Unknown
1307,War of the Roses,War of the Roses
1310,Torchlight II,Torchlight II
1311,The Elder Scrolls V: Skyrim - Dawnguard,The Elder Scrolls V: Skyrim - Dawnguard
1312,Bullet Run,Bullet Run
1313,Borderlands 2,Borderlands 2
1315,Gateways ,Gateways
1316,Gratuitous Tank Battles,Gratuitous Tank Battles
1318,Inversion,Inversion
1320,Endless Space,Endless Space
1321,Awesomenauts,Awesomenauts
1322,Hero Academy,Hero Academy
1323,Prototype 2,PROTOTYPE 2
1324,Sleeping Dogs,Sleeping Dogs
1326,Counter-Strike: Global Offensive,Counter-Strike: Global Offensive
1327,Dark Souls Prepare to Die Edition PC,DARK SOULS: Prepare To Die Edition
1329,Warlock: Master of the Arcane,Warlock - Master of the Arcane
1330,Binary Domain,Binary Domain
1332,Evochron Mercenary,Evochron Mercenary
1333,Dirt Showdown,DiRT Showdown
1337,Orcs Must Die 2,Orcs Must Die! 2
1338,Street Fighter X Tekken,Street Fighter X Tekken
1339,Iron Front: Liberation 1944,Iron Front : Liberation 1944
1340,Botanicula,Botanicula
1341,Sins of a Solar Empire: Rebellion,Sins of a Solar Empire: Rebellion
1342,ArmA 2,Arma 2
1343,Naval War: Arctic Circle,Naval War: Arctic Circle
1344,Sniper Elite V2,Sniper Elite V2
1345,TERA,TERA
1346,Defenders of Ardania,Defenders of Ardania
1348,Stacking,Stacking
1349,Warp,WARP
1352,Ys: The Oath in Felghana,Ys: The Oath in Felghana
1354,Risen 2: Dark Waters,Risen 2 - Dark Waters
1355,The Walking Dead,The Walking Dead: Now
1356,Super Monday Night Combat,Super Monday Night Combat
1357,Ridge Racer Unbounded,Ridge Racer Unbounded
1358,Men of War: Condemned Heroes,Men of War: Condemned Heroes
1359,Vessel,Vessel
1360,Rayman Origins,Rayman Origins
1362,Microsoft Flight,Microsoft Flight
1363,1000 Amps,1000 Amps
1365,Analogue: A Hate Story,Analogue: A Hate Story
1367,Legend of Grimrock,Legend of Grimrock
1370,Tribes: Ascend,Tribes: Ascend
1371,Alan Wake,Alan Wake
1372,Gotham City Impostors,Gotham City Impostors
1373,Kingdoms of Amalur: The Reckoning,Kingdoms of Amalur: Reckoning
1376,Postal 3,Postal 3
1379,X3: Albion Prelude,X3: Albion Prelude
1380,Mass Effect 3,Mass Effect 3
1381,Unity of Command,Unity of Command
1383,Race Injection,Race Injection
1384,Battlefield 3: Back to Karkand,Battlefield 3 Back to Karkand
1386,Dear Esther,Dear Esther
1387,Dustforce,Dustforce
1389,English Country Tune,English Country Tune
1390,Magicka: The Stars are Left,Magicka: The Stars Are Left 
1391,Serious Sam 3: BFE,Serious Sam 3: BFE
1392,APB Reloaded,APB Reloaded
1393,Batman: Arkham City,Batman: Arkham City
1394,Trine 2,Trine 2
1395,Anno 2070,Anno 2070
1398,Star Wars: The Old Republic,STAR WARS: The Old Republic
1399,DC Universe Online,DC Universe Online
1401,The Binding of Isaac,The Binding of Isaac
1402,Assassin's Creed Revelations,Assassin's Creed Revelations
1403,Jurassic Park: The Game,Jurassic Park: The Game
1406,Nuclear Dawn,Nuclear Dawn
1408,Take On Helicopters,Take on Helicopters
1410,Thief,Thief
1411,Banished,Banished
1412,Samurai Gunn,Samurai Gunn
1414,X: Rebirth,X Rebirth
1416,The LEGO Movie Videogame,The LEGO Movie - Videogame
1420,The Castle Doctrine,The Castle Doctrine
1422,Octodad: Dadliest Catch,Octodad: Dadliest Catch
1424,Insurgency,Insurgency
1425,The Banner Saga,The Banner Saga
1428,Nidhogg,Nidhogg
1430,Metal Gear Rising: Revengeance,METAL GEAR RISING: REVENGEANCE
1435,Train Simulator,Train Simulator
1437,Chivalry: Deadliest Warrior,Chivalry: Deadliest Warrior
1438,Injustice: Gods Among Us Ultimate Edition,Injustice: Gods Among Us Ultimate Edition
1439,World of Warplanes,World of Warplanes
1443,Football Manager 2014,Football Manager 2014
1445,Democracy 3,Democracy 3
1448,Call of Duty: Ghosts PC,Call of Duty: Ghosts
1450,Rise of Venice,Rise of Venice
1452,Batman: Arkham Origins,Batman: Arkham Origins
1453,Ironclad Tactics,Ironclad Tactics
1454,King of Fighters XIII Steam Edition,THE KING OF FIGHTERS XIII STEAM EDITION
1455,Skullgirls,Skullgirls
1456,Battlefield 4 PC,Battlefield 4 
1457,Mechwarrior Online,MechWarrior Online
1459,Rayman Legends,Rayman Legends
1460,The Stanley Parable,The Stanley Parable
1461,Takedown: Red Sabre,Takedown: Red Sabre
1462,Brothers: A Tale of Two Sons,Brothers - A Tale of Two Sons
1464,Eldritch,Eldritch
1465,Card Hunter,Card Hunter
1466,Halo: Spartan Assault,Halo: Spartan Assault
1467,Dark,DARK
1468,Dishonored: The Brigmore Witches,Dishonored: The Brigmore Witches
1469,Gone Home,Gone Home
1470,Arma 3,Arma 3
1472,Payday 2,PAYDAY 2
1473,Outlast,Outlast
1475,Amnesia: A Machine for Pigs,Amnesia: A Machine for Pigs
1476,Spelunky,Spelunky
1478,The Bureau: XCOM Declassified,The Bureau: XCOM Declassified
1480,Divinity: Dragon Commander,Divinity: Dragon Commander
1482,DuckTales: Remastered,DuckTales Remastered
1483,Europa Universalis IV,Europa Universalis IV
1484,Rise of the Triad,Rise of the Triad
1485,"Papers, Please","Papers, Please"
1487,Shadowrun Returns,Shadowrun Returns
1488,The Swapper,The Swapper
1489,Magrunner: Dark Pulse,Magrunner: Dark Pulse
1492,Neverwinter,Neverwinter
1493,Mars: War Logs,Mars: War Logs
1495,StarDrive,StarDrive
1497,ShootMania: Storm,ShootMania Storm
1500,Grid 2,GRID 2
1501,Dust: An Elysian Tail,Dust: An Elysian Tail
1503,Call of Juarez: Gunslinger,Call of Juarez Gunslinger
1504,Wargame: AirLand Battle,Wargame: AirLand Battle
1505,DYAD,Dyad
1506,Dead Island: Riptide,Dead Island Riptide
1507,Far Cry 3: Blood Dragon,Far Cry 3 Blood Dragon
1508,Zeno Clash 2,Zeno Clash 2
1511,Fez,FEZ
1512,Company of Heroes 2,Company of Heroes 2
1513,Star Trek,Star Trek
1514,Leviathan: Warships,Leviathan: Warships
1515,Slender: The Arrival,Slender: The Arrival
1517,Rising Storm,Rising Storm
1518,Remember Me,Remember
1521,Metro: Last Light,Metro: Last Light
1525,Fallen Enchantress: Legendary Heroes,Fallen Enchantress: Legendary Heroes
1527,Defiance,Defiance
1529,Sniper: Ghost Warrior 2,Sniper Ghost Warrior 2
1531,March of the Eagles,March of the Eagles
1532,The Banner Saga: Factions,The Banner Saga: Factions
1535,Bioshock Infinite,BioShock Infinite
1537,The Showdown Effect,The Showdown Effect
1539,Anodyne,Anodyne
1540,Dungeonland,Dungeonland
1543,Tomb Raider,Tomb Raider
1544,No Time To Explain,No Time to Explain
1545,Proteus,Proteus
1546,Scribblenauts Unlimited,Scribblenauts Unlimited
1547,Impire,Impire
1548,The Elder Scrolls V: Skyrim - Dragonborn,The Elder Scrolls V: Skyrim - Dragonborn
1549,Dead Space 3,Dead Space 3
1551,Crysis 3,Crysis 3 
1553,Aliens: Colonial Marines,Aliens: Colonial Marines
1554,Ace of Spades,Ace of Spades
1555,Waking Mars,Waking Mars
1556,Long Live the Queen,Long Live The Queen
1557,Puddle,Puddle
1558,Primordia,Primordia
1560,The Aquatic Adventure of the Last Human,The Aquatic Adventure of the Last Human
1561,Dying Light: The Following,Dying Light - The Following
1562,Firewatch,Firewatch
1564,Lego Marvel's Avengers,LEGO MARVEL's Avengers
1567,XCOM 2,XCOM 2
1568,Bombshell,Bombshell
1569,American Truck Simulator,American Truck Simulator
1571,Rise of the Tomb Raider,Rise of the Tomb Raider
1573,The Witness,The Witness
1575,Crashlands,Crashlands
1576,The Westport Independent ,The Westport Independent
1577,Pony Island,Pony Island
1578,Homeworld: Deserts of Kharak,Homeworld: Deserts of Kharak
1579,Darkest Dungeon,Darkest Dungeon
1581,Oxenfree,Oxenfree
1582,Aviary Attorney,Aviary Attorney
1583,"That Dragon, Cancer","That Dragon, Cancer"
1584,Dragon's Dogma: Dark Arisen,Dragon's Dogma: Dark Arisen
1585,Tharsis,Tharsis
1592,Dirt Rally,DiRT Rally
1594,Life is Feudal: Your Own,Life is Feudal: Your Own
1595,Total War: Attila - Age of Charlemagne,Total War: ATTILA - Age of Charlemagne Campaign Pack
1598,Nuclear Throne,Nuclear Throne
1602,Hard West,Hard West
1605,Just Cause 3,Just Cause 3
1608,Assassin's Creed: Syndicate,Assassin's Creed Syndicate
1609,Sonic: Lost World,Sonic Lost World
1610,Football Manager 2016,Football Manager 2016
1613,Star Wars Battlefront,STAR WARS Battlefront
1617,Chaos Reborn,Chaos Reborn
1621,Anno 2205,Anno 2205
1622,Fallout 4,Fallout 4
1623,Galak-Z,GALAK-Z
1626,Tales of Zestiria,Tales of Zestiria
1631,Batman: Arkham Knight,Batman: Arkham Knight
1633,Rebel Galaxy,Rebel Galaxy
1639,Sword Coast Legends,Sword Coast Legends
1641,Life Is Strange,Life is Strange
1643,Mushroom 11,Mushroom 11
1644,Human Resource Machine,Human Resource Machine
1646,Broforce,Broforce
1648,Prison Architect,Prison Architect
1650,80 Days,80 Days
1653,Pro Evolution Soccer 2016,Pro Evolution Soccer 2016
1654,Armikrog,Armikrog
1656,The Beginner's Guide,The Beginner's Guide
1660,Else Heart.Break(),Else Heart.Break()
1661,Undertale,Undertale
1664,World of Warships,World of Warships
1665,Cities: Skylines - After Dark,Cities: Skylines - After Dark
1666,Blood Bowl 2,Blood Bowl 2
1667,Skyshine's Bedlam,Skyshine's BEDLAM
1669,SOMA,SOMA
1671,Lovers in a Dangerous Spacetime,Lovers in a Dangerous Spacetime
1673,"Warhammer 40,000: Regicide","Warhammer 40,000: Regicide"
1674,Dropsy,Dropsy
1676,Mad Max,Mad Max
1677,Metal Gear Solid V: The Phantom Pain,METAL GEAR SOLID V: THE PHANTOM PAIN
1678,Act of Aggression,Act of Aggression
1682,Pillars of Eternity: The White March Part I,Pillars of Eternity - The White March - Part I
1683,Super Mega Baseball: Extra Innings,Super Mega Baseball: Extra Innings
1686,Satellite Reign,Satellite Reign
1687,Zombi,ZOMBI
1689,Sentris,Sentris
1690,Volume,Volume
1692,Beyond Eyes,Beyond Eyes
1693,Victor Vran,Victor Vran
1696,Kyn,Kyn
1697,Five Nights at Freddy's 4,Five Nights at Freddy's 4
1708,Way of the Samurai 4,Way of the Samurai 4
1709,The Swindle,The Swindle
1710,The Talos Principle: Road to Gehenna,The Talos Principle: Road To Gehenna
1715,Summer in Mara,Summer in Mara
1719,West of Dead,West of Dead
1724,Persona 4 Golden,Persona 4 Golden
1726,Beyond Blue,Beyond Blue
1730,Monster Train,Monster Train
1735,Timelie,Timelie
1736,Deep Rock Galactic,Deep Rock Galactic
1750,Maneater,Maneater
1753,Super Mega Baseball 3,Super Mega Baseball 3
1755,Before We Leave,To Leave
1761,Streets of Rage 4,Streets of Rage 4
1764,Gears Tactics,Gears Tactics
1766,Cloudpunk,Cloudpunk
1767,XCOM: Chimera Squad,XCOM: Chimera Squad
1772,The Complex,The Complex
1774,In Other Waters,In Other Waters
1775,Bleeding Edge,Bleeding Edge
1780,Half-Life: Alyx,Half-Life: Alyx
1782,Doom Eternal,DOOM Eternal
1783,Panzer Corps 2,Panzer Corps 2
1785,Murder by Numbers,Murder by Numbers
1789,Halo: Combat Evolved Anniversary,Halo: Combat Evolved Anniversary
1790,"Yes, Your Grace","Yes, Your Grace"
1791,Ori and the Will of the Wisps,Ori and the Will of the Wisps
1792,Black Mesa,Black Mesa
1793,Bloodroots,Bloodroots
1795,Besiege,Besiege
1796,Wolcen: Lords of Mayhem,Wolcen: Lords of Mayhem
1797,The Suicide of Rachel Foster,The Suicide of Rachel Foster
1798,Lair of the Clockwork God,Lair of the Clockwork God
1800,Daemon X Machina,DAEMON X MACHINA
1801,LUNA The Shadow Dust,LUNA The Shadow Dust
1802,Kentucky Route Zero,Kentucky Route Zero
1803,Through the Darkest of Times,Through The Darkest of Times
1804,The Pedestrian,The Pedestrian
1805,The Walking Dead: Saints & Sinners,The Walking Dead: Saints & Sinners
1806,The Dark Crystal: Age of Resistance Tactics,The Dark Crystal: Age of Resistance Tactics
1814,Dragon Ball Z: Kakarot,DRAGON BALL Z: KAKAROT
1816,Super Crush KO,Super Crush KO
1817,Avicii Invector,AVICII Invector
1818,The White Door,The White Door
1819,Monster Hunter World: Iceborne,Monster Hunter World: Iceborne
1822,Transport Fever 2,Transport Fever 2
1823,Detroit: Become Human,Detroit: Become Human
1824,Wattam,Wattam
1827,Dragon Quest Builders 2,DRAGON QUEST BUILDERS 2
1829,Life is Strange 2,Life is Strange 2
1831,Espire 1: VR Operative,Espire 1: VR Operative
1833,Halo: Reach,Halo: Reach
1834,Mosaic,Mosaic
1835,Darksiders Genesis,Darksiders Genesis
1838,Lost Ember,Lost Ember
1839,Star Wars Jedi: Fallen Order,STAR WARS Jedi: Fallen Order 
1842,Narcos: Rise of the Cartels,Narcos: Rise of the Cartels
1844,Red Dead Redemption 2,Red Dead Redemption 2
1846,Need for Speed Heat,Need for Speed Heat 
1847,The Legend of Bum-Bo,The Legend of Bum-Bo
1848,Football Manager 2020,Football Manager 2020
1854,Planet Zoo,Planet Zoo
1858,Manifold Garden,Manifold Garden
1859,Afterparty,Afterparty
1862,Stronghold 3,Stronghold 3
1863,Renegade Ops,Renegade Ops
1864,Orcs Must Die!,Orcs Must Die!
1865,Bastion,Bastion
1867,Universe Sandbox,Universe Sandbox
1868,Rock of Ages,Rock of Ages
1869,Sengoku,Sengoku
1874,Red Orchestra 2: Heroes of Stalingrad,Red Orchestra 2 - Heroes of Stalingrad
1875,Hard Reset,Hard Reset
1878,Call of Juarez: The Cartel,Call of Juarez: The Cartel
1879,Saints Row: The Third,Saints Row: The Third
1880,Call of Duty: Modern Warfare 3,Call of Duty: Modern Warfare 3
1881,The Elder Scrolls V: Skyrim,The Elder Scrolls V: Skyrim
1884,Battlefield 3,Battlefield 3 
1885,Football Manager 2012,Football Manager 2012
1886,Age of Empires Online,Age of Empires Online
1888,Deus Ex: Human Revolution Missing Link,Deus Ex: Human Revolution - The Missing Link
1889,Panzer Corps,Panzer Corps
1890,Desktop Dungeons,Desktop Dungeons
1892,Arma X: Anniversary Edition,Arma X: Anniversary Edition
1893,Gods & Heroes: Rome Rising,Gods & Heroes: Rome Rising
1894,Rage,Rage
1896,Limbo,LIMBO
1897,F1 2011,F1 2011
1898,Dead Island,Dead Island
1900,Space Pirates and Zombies,Space Pirates and Zombies
1901,Tropico 4,Tropico 4
1902,Space Marine,Space Marine
1904,Team Fortress 2,Team Fortress 2
1905,Deus Ex: Human Revolution,Deus Ex: Human Revolution
1906,Global Agenda,Global Agenda
1907,From Dust,Through The Dust
1909,Solar 2,Solar 2
1911,Jamestown,Jamestown
1912,Spiral Knights,Spiral Knights
1914,BEEP,BEEP
1916,B.U.T.T.O.N.,B.U.T.T.O.N.
1921,Capsized,Capsized
1922,Dungeons & Dragons: Daggerdale,Dungeons & Dragons: Daggerdale
1924,Pride of Nations,Pride of Nations
1925,Hunted: The Demon's Forge,Hunted: The Demon's Forge
1926,Dungeon Siege III,Dungeon Siege III
1927,Alice: Madness Returns,Alice: Madness Returns
1929,Frozen Synapse,Frozen Synapse
1930,Magicka: Vietnam,Magicka: Vietnam
1933,Duke Nukem Forever,Duke Nukem Forever
1934,Anomaly: Warzone Earth,Anomaly Warzone Earth
1935,Red Faction: Armageddon,Red Faction: Armageddon
1937,Dirt 3,DiRT 3
1939,Brink,BRINK
1942,Revenge of the Titans,Revenge of the Titans
1943,Darkspore,Darkspore
1945,Operation Flashpoint: Red River,Operation Flashpoint: Red River
1946,Fate of the World,Fate of the World
1948,Portal 2,Portal 2
1949,Champions Online,Champions Online
1950,DCS: A-10C Warthog,DCS: A-10C Warthog
1951,Men of War: Assault Squad,Men of War: Assault Squad
1953,Shift 2: Unleashed,Shift 2 Unleashed
1954,Assassin's Creed: Brotherhood,Assassin's Creed Brotherhood
1955,Greed Corp,Greed Corp
1956,Crysis 2,Crysis 2
1958,The Precursors,Precursors
1959,Rift,RIFT
1961,Cities in Motion,Cities in Motion
1962,Total War: Shogun 2,Total War: SHOGUN 2
1965,Gemini Rue,Gemini Rue
1966,Bulletstorm PC,Bulletstorm
1967,SpaceChem,SpaceChem
1968,Gray Matter,Gray Matter
1969,Tron: Evolution,TRON: Evolution
1970,Bloodline Champions,Bloodline Champions
1972,Magicka,Magicka
1974,Dungeons,Dungeons Again
1977,Lord of the Rings Online,The Lord of the Rings Online
1978,Dead Space 2,Dead Space 2
1979,Monday Night Combat,Monday Night Combat
1986,Need for Speed: Hot Pursuit,Need for Speed: Hot Pursuit
1990,ArmA 2: Private Military Company,Arma 2: Private Military Company
1991,Super Meat Boy,Super Meat Boy
1993,Chime,Chime
1995,Lost Planet 2,Lost Planet 2
1996,Cities XL 2011,Cities XL 2011
1997,Call of Duty: Black Ops,Call of Duty: Black Ops
1998,Lego Universe,LEGO: Universe
1999,Football Manager 2011,Football Manager 2011
2003,Lara Croft and the Guardian of Light,Lara Croft and the Guardian of Light
2007,King's Bounty: Crossworlds,King's Bounty: Crossworlds
2008,Fallout: New Vegas,Fallout: New Vegas
22,Crusader Kings 3,Crusader Kings III
26,Dark Souls 3: Ashes of Ariandel,DARK SOULS III - Ashes of Ariandel
37,Hearts of Iron 4,Hearts of Iron IV
44,Dark Souls 3,DARK SOULS III
57,Pillars of Eternity 2: Deadfire,Pillars of Eternity II: Deadfire
66,Star Wars Battlefront 2,STAR WARS Battlefront II
68,Wolfenstein 2: The New Colossus,Wolfenstein II: The New Colossus
71,Dark Souls 2: Crown of the Ivory King, DARK SOULS II Crown of the Ivory King 
72,Dark Souls 2: Crown of the Old Iron King,DARK SOULS II Crown of the Old Iron King
87,Final Fantasy 3,FINAL FANTASY III
94,Dark Souls 2,DARK SOULS II
97,Age of Wonders 3,Age of Wonders III
105,Galactic Civilizations 3,Galactic Civilizations III
133,Age of Empires 3: Definitive Edition,Age of Empires III: Definitive Edition
141,Total War: Warhammer 2,Total War: WARHAMMER II
149,Dark Souls 3: The Ringed City,DARK SOULS III - The Ringed City
181,Sword of the Stars 2: Enhanced Edition,Sword of the Stars II: Enhanced Edition
186,Assassin's Creed 3,Assassin's Creed III
187,Call of Duty: Black Ops 2,Call of Duty: Black Ops II
206,Crusader Kings 2,Crusader Kings II
229,Assassin's Creed 4: Black Flag,Assassin's Creed IV Black Flag
236,Saints Row 4,Saints Row IV
248,Crusader Kings 2: The Republic,Crusader Kings II: The Republic 
255,Call of Duty: Black Ops 3,Call of Duty: Black Ops III
283,Unity of Command 2,Unity of Command II
285,Age of Empires 2: Definitive Edition,Age of Empires II: Definitive Edition
309,Dragon Age 2,Dragon Age II
313,Two Worlds 2,Two Worlds II
0,Medal of Honor,Medal of Honor: Airborne
1,AI War,AI War Trailer
2,Tree of Savior,Tree of Savior Community Media Kit
3,Ashes of the Singularity,Ashes of the Singularity: Escalation
4,Lucky's Tale,Super Lucky's Tale
5,Yoku’s Island Express,Yoku's Island Express
6,The Swords of Ditto,The Swords of Ditto: Mormo's Curse
7,The Pillars of the Earth,Ken Follett's The Pillars of the Earth
8,Kerbal Space Program: Making History,Kerbal Space Program: Making History Expansion
9,Seven: The Days Long Gone,Seven: The Days Long Gone Demo
10,Civilization: Beyond Earth,Sid Meier's Civilization: Beyond Earth
11,Endless Legend,Endless Legend 鈥 Symbiosis
12,Metal Gear Solid,Metal Gear Solid Legacy
13,Divinity: Original Sin,Divinity: Original Sin Enhanced Edition
14,Shovel Knight,Shovel Knight Showdown
15,GTA: San Andreas,City Gangs San Andreas
16,Unreal Tournament,Unreal Tournament: Game of the Year Edition
17,Endless Legend: Guardians,Endless Legend: Original Soundtrack
18,"Please, Don't Touch Anything","Please, Don't Touch Anything Soundtrack"
19,Homeworld Remastered,Homeworld Remastered Collection
20,Never Alone,Never Alone: Foxtales
21,Dungeon of the Endless,Dungeon of the Endless Original Soundtrack
22,Little Hope,The Dark Pictures Anthology: Little Hope
23,﻿Beyond a Steel Sky,Beyond a Steel Sky
24,Marvel vs Capcom: Infinite,Marvel vs. Capcom: Infinite
25,The Hunter: Call of the Wild,theHunter: Call of the Wild
26,Ghost Recon Wildlands,Tom Clancy's Ghost Recon Wildlands
27,Man of Medan,The Dark Pictures Anthology: Man of Medan
28,World War Z,World War Zero
29,Genesis Alpha One,Genesis Alpha One Deluxe Edition
30,Miner Wars,Miner Wars Arena 
31,Painkiller: Hell and Damnation,Painkiller Hell and Damnation Feature
32,Tiny & Big: Grandpa's Leftovers,Tiny and Big: Grandpa's Leftovers
33,Ghost Recon: Future Soldier,Ghost Recon Future Soldier Announcement Trailer
34,Resident Evil: Operation Racoon City,Resident Evil: Operation Raccoon City
35,The Secret World,The Secret World Halloween Trailer
36,Shoot Many Robots,Shoot Many Robots: Arena Kings
37,Age of Empires Online: Premium Celtic Civilization,Age of Empires Online DLC: Premium Celtic Civilization Pack
38,Realm of the Mad God,Realm of the Mad God Exalt
39,Lone Survivor,Lone Survivor Trailer
40,City of Heroes: Freedom,City of Heroes Freedom Trailer
41,Strike Vector,Strike Vector EX Dedicated Server
42,Deadly Premonition,Deadly Premonition Soundtrack
43,Splinter Cell: Blacklist,Tom Clancy's Splinter Cell Blacklist
44,Marvel Heroes,Marvel Heroes Omega
45,Dragon Quest Heroes,DRAGON QUEST HEROES Slime Edition
46,Rainbow Six Siege,Tom Clancy's Rainbow Six Siege
47,Shadowrun: Hong Kong,Shadowrun: Hong Kong Deluxe Upgrade DLC
48,Valve Index,Are You Ready for Valve Index?
49,Phoenix Point,Phoenix Point: Year One Edition
50,Call of Duty: Modern Warfare,Call of Duty: Modern Warfare Remastered
51,Fallout: New Vegas Lonesome Road,Fallout New Vegas: Lonesome Road DLC
52,Call of Duty: Black Ops Rezurrection,Call of Duty: Black Ops Rezurrection DLC
53,Driver: San Francisco,Driver San Francisco Trailer
54,Call of Duty: Black Ops Annihilation,Call of Duty Black Ops Annihilation OSX
55,Back to the Future,Back to the Future Trailer
56,Lego Pirates of the Caribbean,LEGO Pirates of the Caribbean The Video Game
57,Fallout: New Vegas—Honest Hearts,Fallout New Vegas: Honest Hearts
58,Black Ops: First Strike,Call of Duty Black Ops First Strike OSX SP
59,The Sims Medieval,The Sims Medieval: Pirates and Nobles
